Age group,Number,Proportion
ages45to59,513,0.33054123711340205
ages18to29,473,0.30476804123711343
ages30to44,451,0.29059278350515466
ages60plus,115,0.0740979381443299
