Gender,Number,Proportion
Female,805,0.5200258397932817
Male,743,0.47997416020671835
