Age group,Number,Proportion
ages30to44,20261,0.34356982974971173
ages45to59,16595,0.28140473445024755
ages18to29,11232,0.19046327070474123
ages60plus,10884,0.18456216509529946
