Gender,Number,Proportion
Female,19344,0.3280200773248321
Male,39628,0.6719799226751679
