Gender,Number,Proportion
Female,17292,0.324366910523354
Male,36018,0.675633089476646
