Age group,Number,Proportion
ages30to44,17681,0.33166385293565936
ages45to59,15427,0.2893828549990621
ages60plus,10727,0.20121928343650347
ages18to29,9475,0.1777340086287751
