State,Number,Proportion
NSW,21719,0.407409491652598
VIC,19003,0.3564622022134684
QLD,5379,0.10090039392234103
ACT,2403,0.045075970737197525
WA,2321,0.04353779778653161
SA,1543,0.02894391296192084
TAS,761,0.014274995310448322
NT,181,0.0033952354154942787
